<beans xmlns="http://www.springframework.org/schema/beans"
	xmlns:xsi="http://www.w3.org/2001/XMLSchema-instance"
	xsi:schemaLocation="http://www.springframework.org/schema/beans
	http://www.springframework.org/schema/beans/spring-beans-3.0.xsd">
 
  <!-- setter injection -->
 	<bean id="setterBean" class="com.example.SpringCoreDemo.beans.SetterBean" lazy-init="true" init-method="init" destroy-method="destroy">
	 <property name="id" value="1"></property>
	 <property name="customerName" value="Bramha"></property>
	</bean>
	
	<bean id="setterBean1" class="com.example.SpringCoreDemo.beans.SetterBean" lazy-init="true" init-method="init" destroy-method="destroy">
	 <property name="id" value="2"></property>
	 <property name="customerName" value="Krishna"></property>
	</bean>

</beans>